,0
0,wnd_wind_van_gogh_2100-2169.php
1,wnd_wind_duo_2300-2168.php
2,wnd_wind_duo_2200-2166.php
3,wnd_wind_duo_2100-2167.php
4,wnd_wind_duo_2000-2165.php
5,xcute_dv80-1495.php
6,xcute_dv50-1494.php
7,xcute_dv2-1481.php
8,xcute_dv1-1480.php
9,xiaomi_black_shark_4s_pro-11152.php
10,xiaomi_black_shark_4s-11153.php
11,xiaomi_redmi_note_10_lite-11137.php
12,xiaomi_civi-11119.php
13,xiaomi_watch_color_2-11126.php
14,xiaomi_redmi_9i_sport-11129.php
15,xiaomi_redmi_9a_sport-11128.php
16,xiaomi_poco_c31-11134.php
17,xiaomi_redmi_9_activ-11127.php
18,xiaomi_11t_pro-11100.php
19,xiaomi_11t-11099.php
20,xiaomi_11_lite_5g_ne-11101.php
21,xiaomi_redmi_10_prime-11079.php
22,xiaomi_redmi_10-11060.php
23,xiaomi_pad_5_pro-11043.php
24,xiaomi_pad_5-11042.php
25,xiaomi_mix_4-11040.php
26,xiaomi_poco_x3_gt-10949.php
27,xiaomi_poco_f3_gt-10886.php
28,xiaomi_redmi_note_10t_5g-11008.php
29,xiaomi_mi_watch_revolve_active-10977.php
30,xiaomi_redmi_note_10_pro_(china)-10930.php
31,xiaomi_redmi_note_8_2021-10919.php
32,xiaomi_poco_m3_pro_5g-10857.php
33,xiaomi_redmi_k40_gaming-10880.php
34,xiaomi_mi_11x_pro-10776.php
35,xiaomi_mi_11x-10775.php
36,xiaomi_poco_m2_reloaded-10867.php
37,xiaomi_mi_mix_fold-10817.php
38,xiaomi_mi_11_ultra-10737.php
39,xiaomi_mi_11_pro-10816.php
40,xiaomi_mi_11i-10777.php
41,xiaomi_mi_11_lite_5g-10815.php
42,xiaomi_mi_11_lite-10665.php
43,xiaomi_black_shark_4_pro-10805.php
44,xiaomi_black_shark_4-10714.php
45,xiaomi_poco_x3_pro-10802.php
46,xiaomi_poco_f3-10758.php
47,xiaomi_mi_10s-10780.php
48,xiaomi_redmi_note_10_pro-10662.php
49,xiaomi_redmi_note_10_5g-10768.php
50,xiaomi_redmi_note_10s-10769.php
51,xiaomi_redmi_note_10-10247.php
52,xiaomi_redmi_note_10_pro_max-10770.php
53,xiaomi_redmi_note_10_pro_(india)-10771.php
54,xiaomi_redmi_k40_pro+-10752.php
55,xiaomi_redmi_k40_pro-10727.php
56,xiaomi_redmi_k40-10728.php
57,xiaomi_redmi_note_9t-10661.php
58,xiaomi_redmi_9t-10670.php
59,xiaomi_mi_10i_5g-10615.php
60,xiaomi_mi_11-10656.php
61,xiaomi_redmi_9_power-10616.php
62,xiaomi_mi_watch_lite-10633.php
63,xiaomi_redmi_note_9_pro_5g-10582.php
64,xiaomi_redmi_note_9_5g-10581.php
65,xiaomi_redmi_note_9_4g-10609.php
66,xiaomi_redmi_watch-10610.php
67,xiaomi_poco_m3-10599.php
68,xiaomi_redmi_k30s-10517.php
69,xiaomi_mi_watch_color_sports-10541.php
70,xiaomi_poco_c3-10482.php
71,xiaomi_mi_10t_pro_5g-10437.php
72,xiaomi_mi_10t_5g-10473.php
73,xiaomi_mi_10t_lite_5g-10480.php
74,xiaomi_mi_watch-10481.php
75,xiaomi_mi_watch_revolve-10305.php
76,xiaomi_redmi_9at-10591.php
77,xiaomi_redmi_9i-10399.php
78,xiaomi_poco_m2-10434.php
79,xiaomi_poco_x3-10461.php
80,xiaomi_poco_x3_nfc-10415.php
81,xiaomi_redmi_9_(india)-10398.php
82,xiaomi_mi_10_ultra-10361.php
83,xiaomi_redmi_k30_ultra-10349.php
84,xiaomi_redmi_9_prime-10353.php
85,xiaomi_black_shark_3s-10350.php
86,xiaomi_poco_m2_pro-10318.php
87,xiaomi_redmi_9a-10279.php
88,xiaomi_redmi_9c_nfc-10277.php
89,xiaomi_redmi_9c-10278.php
90,xiaomi_redmi_9-10233.php
91,xiaomi_redmi_10x_pro_5g-10267.php
92,xiaomi_redmi_10x_5g-10266.php
93,xiaomi_redmi_10x_4g-10202.php
94,xiaomi_redmi_k30i_5g-10200.php
95,xiaomi_poco_f2_pro-10220.php
96,xiaomi_redmi_k30_5g_racing-10235.php
97,xiaomi_redmi_note_9_pro-10217.php
98,xiaomi_redmi_note_9-10192.php
99,xiaomi_mi_note_10_lite-10183.php
100,xiaomi_mi_10_youth_5g-10207.php
101,xiaomi_mi_10_lite_5g-10159.php
102,xiaomi_redmi_k30_pro_zoom-10150.php
103,xiaomi_redmi_k30_pro-10140.php
104,xiaomi_redmi_note_9s-10147.php
105,xiaomi_redmi_note_9_pro_max-10126.php
106,xiaomi_redmi_note_9_pro_(india)-10120.php
107,xiaomi_black_shark_3_pro-10109.php
108,xiaomi_black_shark_3-10110.php
109,xiaomi_mi_10_pro_5g-10055.php
110,xiaomi_mi_10_5g-10082.php
111,xiaomi_redmi_8a_pro-10169.php
112,xiaomi_redmi_8a_dual-10078.php
113,xiaomi_poco_x2-10050.php
114,xiaomi_redmi_k30-9991.php
115,xiaomi_redmi_k30_5g-9979.php
116,xiaomi_redmi_note_8t-9946.php
117,xiaomi_mi_note_10_pro-9945.php
118,xiaomi_mi_note_10-9936.php
119,xiaomi_mi_cc9_pro-9935.php
120,xiaomi_watch_color-10014.php
121,xiaomi_mi_watch_(china)-9941.php
122,xiaomi_redmi_8-9800.php
123,xiaomi_redmi_8a-9897.php
124,xiaomi_mi_mix_alpha-9893.php
125,xiaomi_mi_9_pro_5g-9892.php
126,xiaomi_mi_9_pro-9891.php
127,xiaomi_redmi_k20_pro_premium-9884.php
128,xiaomi_mi_9_lite-9862.php
129,xiaomi_redmi_note_8_pro-9812.php
130,xiaomi_black_shark_2_pro-9779.php
131,xiaomi_mi_a3-9769.php
132,xiaomi_redmi_7a-9716.php
133,xiaomi_mi_cc9-9749.php
134,xiaomi_mi_cc9e-9759.php
135,xiaomi_redmi_note_8-9814.php
136,xiaomi_mi_9t_pro-9791.php
137,xiaomi_mi_9t-9738.php
138,xiaomi_redmi_k20-9720.php
139,xiaomi_redmi_k20_pro-9708.php
140,xiaomi_redmi_note_7s-9707.php
141,xiaomi_redmi_y3-9674.php
142,xiaomi_black_shark_2-9639.php
143,xiaomi_redmi_7-9498.php
144,xiaomi_redmi_note_7_pro-9521.php
145,xiaomi_mi_mix_3_5g-9602.php
146,xiaomi_mi_9_explorer-9584.php
147,xiaomi_mi_9_se-9583.php
148,xiaomi_mi_9-9507.php
149,xiaomi_redmi_go-9534.php
150,xiaomi_redmi_note_7-9513.php
151,xiaomi_mi_play-9499.php
152,xiaomi_black_shark_helo-9382.php
153,xiaomi_mi_mix_3-9378.php
154,xiaomi_redmi_note_6_pro-9333.php
155,xiaomi_mi_8_pro-9336.php
156,xiaomi_mi_8_lite-9329.php
157,xiaomi_pocophone_f1-9293.php
158,xiaomi_mi_a2_(mi_6x)-9140.php
159,xiaomi_mi_a2_lite_(redmi_6_pro)-9247.php
160,xiaomi_mi_max_3-8963.php
161,xiaomi_mi_pad_4_plus-9295.php
162,xiaomi_mi_pad_4-9249.php
163,xiaomi_redmi_6-9237.php
164,xiaomi_redmi_6a-9217.php
165,xiaomi_mi_8_explorer-9218.php
166,xiaomi_mi_8-9065.php
167,xiaomi_mi_8_se-9219.php
168,xiaomi_redmi_s2_(redmi_y2)-9185.php
169,xiaomi_mi_mix_2s-9067.php
170,xiaomi_redmi_note_5_ai_dual_camera-9120.php
171,xiaomi_redmi_note_5_pro-8893.php
172,xiaomi_black_shark-9164.php
173,xiaomi_redmi_5_plus_(redmi_note_5)-8959.php
174,xiaomi_redmi_5-8768.php
175,xiaomi_redmi_5a-8898.php
176,xiaomi_redmi_y1_(note_5a)-8753.php
177,xiaomi_redmi_y1_lite-8818.php
178,xiaomi_mi_note_3-8707.php
179,xiaomi_mi_mix_2-8529.php
180,xiaomi_mi_a1_(mi_5x)-8776.php
181,xiaomi_mi_max_2-8582.php
182,xiaomi_redmi_4_(4x)-8608.php
183,xiaomi_mi_6-8507.php
184,xiaomi_mi_pad_3-8477.php
185,xiaomi_mi_5c-8439.php
186,xiaomi_redmi_note_4x-8580.php
187,xiaomi_redmi_note_4-8531.php
188,xiaomi_redmi_4a-8420.php
189,xiaomi_redmi_4_(china)-8419.php
190,xiaomi_mi_6_plus-8629.php
191,xiaomi_redmi_4_prime-8263.php
192,xiaomi_mi_mix-8400.php
193,xiaomi_mi_note_2-8014.php
194,xiaomi_mi_5s_plus-8350.php
195,xiaomi_mi_5s-7260.php
196,xiaomi_redmi_note_4_(mediatek)-8291.php
197,xiaomi_redmi_pro-8233.php
198,xiaomi_redmi_3x-8212.php
199,xiaomi_redmi_3s_prime-8250.php
200,xiaomi_redmi_3s-8150.php
201,xiaomi_redmi_3_pro-8007.php
202,xiaomi_mi_max-8057.php
203,xiaomi_mi_5-6948.php
204,xiaomi_mi_4s-7962.php
205,xiaomi_redmi_note_3-7863.php
206,xiaomi_redmi_3-7862.php
207,xiaomi_redmi_note_prime-7822.php
208,xiaomi_mi_pad_2-7770.php
209,xiaomi_redmi_note_3_(mediatek)-7769.php
210,xiaomi_mi_4c-7512.php
211,xiaomi_redmi_note_2-6992.php
212,xiaomi_redmi_2_pro-7710.php
213,xiaomi_redmi_2_prime-7480.php
214,xiaomi_mi_4i-7211.php
215,xiaomi_mi_note_pro-6952.php
216,xiaomi_mi_note-6944.php
217,xiaomi_redmi_2a-7159.php
218,xiaomi_redmi_2-6884.php
219,xiaomi_mi_4_lte-6866.php
220,xiaomi_redmi_note_4g-6561.php
221,xiaomi_mi_4-6518.php
222,xiaomi_mi_pad_7_9-6365.php
223,xiaomi_redmi_note-6217.php
224,xiaomi_mi_3-5678.php
225,xiaomi_redmi_1s-6373.php
226,xiaomi_redmi-5609.php
227,xiaomi_mi_2a-5646.php
228,xiaomi_mi_2s-5397.php
229,xiaomi_mi_2-4928.php
230,xiaomi_mi_1s-4929.php
231,xiaomi_poco_m3_pro-10916.php
232,xiaomi_mi_10_lite_zoom-10210.php
233,xiaomi_mi_9x-9650.php
234,xiaomi_mi_max_4_pro-9552.php
235,xiaomi_mi_max_4-9551.php
236,xiaomi_mi_6c-8798.php
237,xiaomi_redmi_pro_2-8558.php
238,xiaomi_mi_note_plus-6960.php
239,xolo_era_2x-8520.php
240,xolo_era_2-8395.php
241,xolo_era_1x-8339.php
242,xolo_era_x-7959.php
243,xolo_era_4k-7958.php
244,xolo_era_4g-7929.php
245,xolo_one_hd-7872.php
246,xolo_black_3gb-7871.php
247,xolo_black_1x-7729.php
248,xolo_black-7399.php
249,xolo_era-7400.php
250,xolo_cube_5_0-7311.php
251,xolo_prime-7244.php
252,xolo_lt2000-7131.php
253,xolo_a1010-7107.php
254,xolo_win_q1000-7065.php
255,xolo_8x_1020-7064.php
256,xolo_q700_club-7009.php
257,xolo_q520s-7010.php
258,xolo_q900s_plus-6887.php
259,xolo_omega_5_5-6851.php
260,xolo_omega_5_0-6850.php
261,xolo_opus_3-6844.php
262,xolo_q710s-6843.php
263,xolo_q1020-6793.php
264,xolo_one-6743.php
265,xolo_q2100-6735.php
266,xolo_opus_hd-6734.php
267,xolo_play_8x_1100-6652.php
268,xolo_q510s-6626.php
269,xolo_q700s_plus-6624.php
270,xolo_q1000s_plus-6623.php
271,xolo_q610s-6622.php
272,xolo_a1000s-6577.php
273,xolo_play_8x_1200-6564.php
274,xolo_hive_8x_1000-6556.php
275,xolo_a550s_ips-6551.php
276,xolo_q900s-6531.php
277,xolo_q500s_ips-6525.php
278,xolo_a700s-6522.php
279,xolo_play_6x_1000-6494.php
280,xolo_q2000l-6495.php
281,xolo_win_q900s-6476.php
282,xolo_q1000_opus2-6477.php
283,xolo_q1011-6462.php
284,xolo_q1200-6430.php
285,xolo_q600s-6416.php
286,xolo_a500s_lite-6402.php
287,xolo_q900t-6347.php
288,xolo_q1010i-6275.php
289,xolo_a510s-6257.php
290,xolo_q2500-6256.php
291,xolo_a500_club-6051.php
292,xolo_q1010-6050.php
293,xolo_q1100-6042.php
294,xolo_q700s-5974.php
295,xolo_q3000-5927.php
296,xolo_lt900-5923.php
297,xolo_q1000_opus-5906.php
298,xolo_play_tegra_note-5890.php
299,xolo_q500-5877.php
300,xolo_q800_x_edition-5845.php
301,xolo_a500s_ips-5839.php
302,xolo_q2000-5837.php
303,xolo_q900-5822.php
304,xolo_a600-5821.php
305,xolo_a500l-5787.php
306,xolo_q700i-5768.php
307,xolo_play_tab_7_0-5767.php
308,xolo_tab-5686.php
309,xolo_q1000s-5642.php
310,xolo_a500s-5613.php
311,xolo_play-5591.php
312,xolo_q600-5558.php
313,xolo_x1000-5532.php
314,xolo_x910-5535.php
315,xolo_x500-5530.php
316,xolo_q1000-5533.php
317,xolo_q800-5531.php
318,xolo_q700-5534.php
319,xolo_a500-5529.php
320,yezz_go_3-11068.php
321,yezz_art_2_pro-11016.php
322,yezz_max_2_plus-11017.php
323,yezz_liv_1s-10739.php
324,yezz_art_1_pro-10598.php
325,yezz_liv_2_lte-10390.php
326,yezz_art_1-10381.php
327,yezz_go_1-10346.php
328,yezz_max_1_plus-9903.php
329,yezz_liv1-9898.php
330,yezz_max_1-9519.php
331,yezz_andy_4e7-9514.php
332,yezz_andy_5e5-9486.php
333,yezz_epic_t-9485.php
334,yezz_andy_4e4-8472.php
335,yezz_4_5el_lte-8471.php
336,yezz_5m-8470.php
337,yezz_c21-8469.php
338,yezz_andy_5ei3_(2016)-8325.php
339,yezz_andy_5e3-8243.php
340,yezz_andy_4_7t-8098.php
341,yezz_andy_5m_lte-8075.php
342,yezz_cc40-8025.php
343,yezz_andy_5_5m_lte_vr-7975.php
344,yezz_monte_carlo_55_lte_vr-7933.php
345,yezz_monte_carlo_55_lte-7932.php
346,yezz_classic_c23a-7915.php
347,yezz_andy_4e3i-7914.php
348,yezz_andy_5e2i-7819.php
349,yezz_andy_4ei2-7818.php
350,yezz_andy_3_5ei2-7817.php
351,yezz_andy_6el_lte-7816.php
352,yezz_andy_5e_lte-7727.php
353,yezz_andy_c5e_lte-7728.php
354,yezz_andy_5ei3-7672.php
355,yezz_andy_4el2_lte-7568.php
356,yezz_classic_z51-7567.php
357,yezz_andy_5el_lte-7426.php
358,yezz_andy_4_5el_lte-7425.php
359,yezz_andy_3_5ei3-7424.php
360,yezz_classic_c60-7264.php
361,yezz_andy_4e_lte-7130.php
362,yezz_andy_4e2i-7129.php
363,yezz_andy_3_5e2i-7128.php
364,yezz_z50-6966.php
365,yezz_zc20-6965.php
366,yezz_billy_5s_lte-6923.php
367,yezz_andy_c5ml-6872.php
368,yezz_andy_c5ql-6871.php
369,yezz_classic_c50-6825.php
370,yezz_classic_c22-6824.php
371,yezz_classic_c21a-6823.php
372,yezz_monaco_47-6717.php
373,yezz_billy_4-6707.php
374,yezz_andy_5t-6578.php
375,yezz_andy_c5vp-6560.php
376,yezz_andy_c5v-6559.php
377,yezz_andy_5_5ei-6558.php
378,yezz_andy_4_5m-6557.php
379,yezz_billy_4_7-6521.php
380,yezz_andy_4ei-6502.php
381,yezz_andy_3_5eh-6501.php
382,yezz_andy_5ei-6498.php
383,yezz_andy_3_5ei-6486.php
384,yezz_andy_6q-6431.php
385,yezz_classic_c21-6344.php
386,yezz_andy_a5qp-6192.php
387,yezz_andy_az4_5-6191.php
388,yezz_epic_t7fd-5988.php
389,yezz_andy_a3_5ep-5987.php
390,yezz_epic_t7ed-5915.php
391,yezz_andy_a6m_1gb-5914.php
392,yezz_andy_a6m-5913.php
393,yezz_andy_a4m-5912.php
394,yezz_andy_a4e-5911.php
395,yezz_andy_a5_1gb-5919.php
396,yezz_andy_a4_5_1gb-5918.php
397,yezz_andy_a4_5-5406.php
398,yezz_andy_a4-5405.php
399,yezz_andy_a3_5-5404.php
400,yezz_classic_cc10-5403.php
401,yezz_andy_a5-5339.php
402,yezz_epic_t7-5338.php
403,yezz_classic_c30-5266.php
404,yezz_bonito_yz500-5265.php
405,yezz_exclusive_z10-5087.php
406,yezz_andy_3g_3_5_yz1110-5086.php
407,yezz_andy_3g_4_0_yz1120-4925.php
408,yezz_ritmo_3_tv_yz433-4784.php
409,yezz_ritmo_2_yz420-4783.php
410,yezz_andy_3g_2_8_yz11-4679.php
411,yezz_classic_c20-4689.php
412,yezz_chico_2_yz201-4688.php
413,yezz_andy_yz1100-4680.php
414,yezz_fashion_f10-4681.php
415,yezz_bono_3g_yz700-4682.php
416,yezz_moda_yz600-4683.php
417,yezz_ritmo_yz400-4684.php
418,yezz_zenior_yz888-4685.php
419,yezz_clasico_yz300-4686.php
420,yezz_chico_yz200-4687.php
421,yota_yotaphone_3-8727.php
422,yota_yotaphone_2-6959.php
423,yota_yotaphone-6961.php
424,yu_ace-9308.php
425,yu_yureka_2-8864.php
426,yu_yunique_2-8788.php
427,yu_yureka_black-8714.php
428,yu_yunique_plus-8287.php
429,yu_yureka_s-8286.php
430,yu_yunicorn-8002.php
431,yu_yureka_note-8035.php
432,yu_yutopia-7827.php
433,yu_yunique-7554.php
434,yu_yureka_plus-7436.php
435,yu_yuphoria-7241.php
436,yu_yureka-6987.php
437,zte_nubia_red_magic_6s_pro-11083.php
438,zte_nubia_red_magic_6s-11082.php
439,zte_axon_30_5g-11020.php
440,zte_blade_v30_vita-11018.php
441,zte_blade_v30-11009.php
442,zte_nubia_red_magic_6r-10929.php
443,zte_nubia_z30_pro-10914.php
444,zte_blade_11_prime-10885.php
445,zte_axon_30_ultra_5g-10837.php
446,zte_axon_30_pro_5g-10858.php
447,zte_s30_pro-10798.php
448,zte_s30-10820.php
449,zte_s30_se-10821.php
450,zte_nubia_red_magic_6_pro-10772.php
451,zte_nubia_red_magic_6-10773.php
452,zte_watch_gt-10823.php
453,zte_red_magic_watch-10774.php
454,zte_blade_x1_5g-10706.php
455,zte_blade_20_pro_5g-10613.php
456,zte_blade_v2020_5g-10614.php
457,zte_watch_live-10611.php
458,zte_blade_20_5g-10567.php
459,zte_blade_a7s_2020-10571.php
460,zte_axon_20_5g_extreme-10617.php
461,zte_axon_20_5g-10370.php
462,zte_axon_20_4g-10601.php
463,zte_nubia_watch-10341.php
464,zte_nubia_red_magic_5s-10339.php
465,zte_nubia_red_magic_5g_lite-10282.php
466,zte_axon_11_se_5g-10281.php
467,zte_nubia_play-10193.php
468,zte_axon_11_4g-10284.php
469,zte_axon_11_5g-10139.php
470,zte_nubia_red_magic_5g-10071.php
471,zte_axon_10s_pro_5g-9998.php
472,zte_blade_max_view-10070.php
473,zte_blade_a7_prime-9955.php
474,zte_blade_10_prime-9954.php
475,zte_blade_20-9921.php
476,zte_nubia_red_magic_3s-9839.php
477,zte_nubia_x_5g-9755.php
478,zte_nubia_z20-9780.php
479,zte_blade_a5_(2019)-9712.php
480,zte_blade_a3_(2019)-9713.php
481,zte_blade_l8-9714.php
482,zte_nubia_red_magic_3-9692.php
483,zte_nubia_alpha-9612.php
484,zte_axon_10_pro_5g-9610.php
485,zte_axon_10_pro-9695.php
486,zte_blade_v10-9611.php
487,zte_blade_v10_vita-9715.php
488,zte_nubia_red_magic_mars-9433.php
489,zte_nubia_x-9347.php
490,zte_nubia_z18-9171.php
491,zte_axon_9_pro-9069.php
492,zte_nubia_red_magic-9174.php
493,zte_blade_a7_vita-9701.php
494,zte_blade_a7-9697.php
495,zte_nubia_z18_mini-9161.php
496,zte_nubia_v18-9133.php
497,zte_nubia_n3-9110.php
498,zte_blade_v9_vita-9088.php
499,zte_blade_v9-8971.php
500,zte_tempo_go-9083.php
501,zte_blade_a3-9038.php
502,zte_blade_a6-8970.php
503,zte_maven_2-9033.php
504,zte_blade_x-8913.php
505,zte_axon_m-8902.php
506,zte_nubia_z17s-8901.php
507,zte_nubia_z17_minis-8896.php
508,zte_nubia_z17_lite-8838.php
509,zte_blade_z_max-8290.php
510,zte_blade_force-8895.php
511,zte_tempo_x-8894.php
512,zte_blade_a601-8793.php
513,zte_grand_x_view_2-8779.php
514,zte_blade_v7_plus-8752.php
515,zte_quartz-8567.php
516,zte_nubia_n2-8748.php
517,zte_nubia_m2-8746.php
518,zte_nubia_m2_lite-8747.php
519,zte_nubia_m2_play-8726.php
520,zte_nubia_z17-8677.php
521,zte_axon_7s-8658.php
522,zte_max_xl-8660.php
523,zte_nubia_z17_mini-8615.php
524,zte_blade_a520-8609.php
525,zte_nubia_n1_lite-8607.php
526,zte_blade_v8_mini-8600.php
527,zte_blade_v8_lite-8601.php
528,zte_blade_a2_plus-8562.php
529,zte_hawkeye-8530.php
530,zte_blade_v8_pro-8504.php
531,zte_blade_v8-8501.php
532,zte_axon_7_max-8401.php
533,zte_grand_x4-8638.php
534,zte_blade_v7_max-8398.php
535,zte_nubia_z11_mini_s-8387.php
536,zte_axon_7_mini-8232.php
537,zte_warp_7-8300.php
538,zte_zmax_pro-8096.php
539,zte_nubia_n1-8182.php
540,zte_nubia_z11_max-8092.php
541,zte_axon_7-8067.php
542,zte_nubia_z11-8091.php
543,zte_blade_l110_(a110)-8548.php
544,zte_grand_x_max_2-8110.php
545,zte_nubia_z11_mini-8044.php
546,zte_blade_l5_plus-8063.php
547,zte_blade_v_plus-7963.php
548,zte_blade_a610-8294.php
549,zte_blade_a512-8293.php
550,zte_blade_a452-8295.php
551,zte_blade_v7-7943.php
552,zte_blade_a910-9152.php
553,zte_blade_a2-8143.php
554,zte_blade_v7_lite-7944.php
555,zte_axon_max-7938.php
556,zte_nubia_prague_s-7868.php
557,zte_grand_x_3-7852.php
558,zte_avid_plus-7853.php
559,zte_blade_x9-7761.php
560,zte_blade_x5-7762.php
561,zte_blade_x3-7763.php
562,zte_axon_watch-7692.php
563,zte_axon-7686.php
564,zte_blade_s7-7670.php
565,zte_axon_mini-7646.php
566,zte_zmax_2-7572.php
567,zte_axon_elite-7542.php
568,zte_nubia_my_prague-7485.php
569,zte_axon_lux-7441.php
570,zte_boost_max+-7430.php
571,zte_blade_a460-7799.php
572,zte_blade_d6-7428.php
573,zte_axon_pro-7422.php
574,zte_blade_a410-8114.php
575,zte_obsidian-7481.php
576,zte_grand_x2-7656.php
577,zte_sonata_2-7356.php
578,zte_blade_apex_3-7790.php
579,zte_maven-7355.php
580,zte_blade_q_pro-8244.php
581,zte_blade_qlux_4g-7294.php
582,zte_nubia_z9-7207.php
583,zte_blade_s6_plus-7168.php
584,zte_nubia_z9_max-7116.php
585,zte_nubia_z9_mini-7149.php
586,zte_open_l-7106.php
587,zte_grand_s3-7078.php
588,zte_blade_l3_plus-7891.php
589,zte_blade_l3-7105.php
590,zte_blade_g_lux-7057.php
591,zte_blade_g-7058.php
592,zte_v5_lux-7056.php
593,zte_blade_s6-6954.php
594,zte_imperial_ii-7157.php
595,zte_star_2-6914.php
596,zte_grand_x_max+-6915.php
597,zte_grand_x_plus_z826-6904.php
598,zte_speed-6898.php
599,zte_grand_s_ii-6847.php
600,zte_grand_s_pro-7155.php
601,zte_zinger-7156.php
602,zte_grand_xmax-6718.php
603,zte_zmax-6697.php
604,zte_blade_vec_4g-6645.php
605,zte_blade_vec_3g-6644.php
606,zte_kis_3_max-6641.php
607,zte_nubia_z5s_mini_nx405h-6607.php
608,zte_nubia_z7-6490.php
609,zte_nubia_z7_max-6491.php
610,zte_nubia_z7_mini-6492.php
611,zte_blade_l2-6367.php
612,zte_kis_3-6579.php
613,zte_blade_g2-6381.php
614,zte_redbull_v5_v9180-6679.php
615,zte_star_1-6324.php
616,zte_nubia_x6-6236.php
617,zte_grand_memo_ii_lte-6154.php
618,zte_open_c-6155.php
619,zte_open_ii-6156.php
620,zte_iconic_phablet-5962.php
621,zte_sonata_4g-5963.php
622,zte_grand_s_ii_s291-5948.php
623,zte_nubia_z5s-5852.php
624,zte_nubia_z5s_mini_nx403a-5853.php
625,zte_grand_s_flex-5834.php
626,zte_blade_q_maxi-5826.php
627,zte_blade_q-5825.php
628,zte_blade_q_mini-5824.php
629,zte_warp_4g-5755.php
630,zte_blade_v-5682.php
631,zte_blade_g_v880g-5620.php
632,zte_reef-5659.php
633,zte_imperial-5552.php
634,zte_vital_n9810-5511.php
635,zte_grand_x_pro-5499.php
636,zte_grand_x2_in-5455.php
637,zte_grand_x_quad_v987-5376.php
638,zte_blade_iii_pro-5425.php
639,zte_geek_v975-5402.php
640,zte_grand_memo_v9815-5330.php
641,zte_open-5320.php
642,zte_blade_c_v807-5277.php
643,zte_director-5470.php
644,zte_v81-5269.php
645,zte_grand_s-5240.php
646,zte_avid_4g-5173.php
647,zte_v889m-5136.php
648,zte_v887-5135.php
649,zte_kis_iii_v790-5134.php
650,zte_groove_x501-5133.php
651,zte_nubia_z5-5647.php
652,zte_flash-4893.php
653,zte_anthem_4g-5006.php
654,zte_warp_sequent-5007.php
655,zte_grand_era_u895-5004.php
656,zte_blade_iii-4983.php
657,zte_grand_x_in-4962.php
658,zte_n880e-4880.php
659,zte_grand_x_lte_t82-4873.php
660,zte_grand_x_v970-4597.php
661,zte_u880e-4776.php
662,zte_score_m-4650.php
663,zte_light_tab_300-4595.php
664,zte_v96-4593.php
665,zte_pf_100-4590.php
666,zte_t98-4591.php
667,zte_light_tab_3_v9s-4592.php
668,zte_era-4581.php
669,zte_pf112_hd-4582.php
670,zte_skate_acqua-4583.php
671,zte_orbit-4585.php
672,zte_kis_v788-4586.php
673,zte_v880e-4598.php
674,zte_nova_3_5-4599.php
675,zte_nova_4_v8000-4600.php
676,zte_nova_messenger-4601.php
677,zte_style_q-4602.php
678,zte_style_messanger-4603.php
679,zte_v875-4607.php
680,zte_blade_ii_v880+-4608.php
681,zte_n910-4557.php
682,zte_pf200-4556.php
683,zte_optik-4506.php
684,zte_light_tab_2_v9a-4467.php
685,zte_light_tab_v9c-4466.php
686,zte_ftv_phone-4388.php
687,zte_chorus-4345.php
688,zte_memo-4310.php
689,zte_tania-4304.php
690,zte_warp-4313.php
691,zte_score-4311.php
692,zte_avail-4244.php
693,zte_v9+-3902.php
694,zte_v9-3903.php
695,zte_n721-4760.php
696,zte_skate-3784.php
697,zte_v821-4042.php
698,zte_amigo-3785.php
699,zte_racer_ii-4290.php
700,zte_u900-3791.php
701,zte_libra-3790.php
702,zte_rio-4073.php
703,zte_blade-3391.php
704,zte_sage-3737.php
705,zte_x990d-3603.php
706,zte_n290-3602.php
707,zte_n280-3601.php
708,zte_r230-4078.php
709,zte_r228_dual_sim-4341.php
710,zte_r228-4342.php
711,zte_r221-3604.php
712,zte_r220-4077.php
713,zte_s213-3600.php
714,zte_salute_f350-3491.php
715,zte_f107-3727.php
716,zte_e_n72-3485.php
717,zte_racer-3423.php
718,zte_f951-3489.php
719,zte_x990-3244.php
720,zte_bingo-3197.php
721,zte_x760-3120.php
722,zte_e811-3114.php
723,zte_raise-3113.php
724,zte_xiang-3112.php
725,zte_a261-3214.php
726,zte_s302-3222.php
727,zte_f233-3110.php
728,zte_f912-3111.php
729,zte_f952-3105.php
730,zte_f928-3104.php
731,zte_f870-3103.php
732,zte_f600-3102.php
733,zte_f103-3099.php
734,zte_f101-3101.php
735,zte_f100-3100.php
736,zte_coral200_sollar-3213.php
737,zte_blade_v20-9913.php
